Workbook

Sheet Expense report
A2: evertz | F2: TRAVEL EXPENSE REPORT
L4: WEEK ENDING
L5: NAME
L6: DEPARTMENT | N6: Service
L7: CUSTOMER TRIP
L8: TRIP DESTINATION | N8: United States
L10: YOUR ADDRESS (ONLY INDICATE IF CHANGED
L11: SINCE LAST EXPENSE)
V13: Internal Use Only
B14: Receipt # | C14: Date | D14: Description | E14: Currency* | F14: Amount | G14: Airfare / Train | H14: Breakfast | I14: Lunch | J14: Dinner | K14: Late Meal / Overtime | L14: Per Diem | M14: Incidentals | N14: Hotel | O14: Auto Rental | P14: Parking | Q14: Taxi | R14: Fuel | S14: Mileage (@.55/M, .50/KM) | T14: Other | U14: Total | V14: HST | W14: Net of HST
G15: =IF($D15=G$14,$F15,"") | H15: =IF($D15=H$14,$F15,"") | I15: =IF($D15=I$14,$F15,"") | J15: =IF($D15=J$14,$F15,"") | K15: =IF($D15=K$14,$F15,"") | M15: =IF($D15=M$14,$F15,"") | N15: =IF($D15=N$14,$F15,"") | O15: =IF($D15=O$14,$F15,"") | P15: =IF($D15=P$14,$F15,"") | Q15: =IF($D15=Q$14,$F15,"") | R15: =IF($D15=R$14,$F15,"") | S15: =IF($D15=S$14,$F15,"") | U15: =SUM(G15:T15) -> 0 | V15: 0 | W15: =+U15-V15 -> 0
G16: =IF($D16=G$14,$F16,"") | H16: =IF($D16=H$14,$F16,"") | I16: =IF($D16=I$14,$F16,"") | J16: =IF($D16=J$14,$F16,"") | K16: =IF($D16=K$14,$F16,"") | M16: =IF($D16=M$14,$F16,"") | N16: =IF($D16=N$14,$F16,"") | O16: =IF($D16=O$14,$F16,"") | P16: =IF($D16=P$14,$F16,"") | Q16: =IF($D16=Q$14,$F16,"") | R16: =IF($D16=R$14,$F16,"") | S16: =IF($D16=S$14,$F16,"") | U16: =SUM(G16:T16) -> 0 | V16: 0 | W16: =+U16-V16 -> 0
G17: =IF($D17=G$14,$F17,"") | H17: =IF($D17=H$14,$F17,"") | I17: =IF($D17=I$14,$F17,"") | J17: =IF($D17=J$14,$F17,"") | K17: =IF($D17=K$14,$F17,"") | M17: =IF($D17=M$14,$F17,"") | N17: =IF($D17=N$14,$F17,"") | O17: =IF($D17=O$14,$F17,"") | P17: =IF($D17=P$14,$F17,"") | Q17: =IF($D17=Q$14,$F17,"") | R17: =IF($D17=R$14,$F17,"") | S17: =IF($D17=S$14,$F17,"") | T17: =IF($D17=T$14,$F17,"") | U17: =SUM(G17:T17) -> 0 | V17: 0 | W17: =+U17-V17 -> 0
G18: =IF($D18=G$14,$F18,"") | H18: =IF($D18=H$14,$F18,"") | I18: =IF($D18=I$14,$F18,"") | J18: =IF($D18=J$14,$F18,"") | K18: =IF($D18=K$14,$F18,"") | M18: =IF($D18=M$14,$F18,"") | N18: =IF($D18=N$14,$F18,"") | O18: =IF($D18=O$14,$F18,"") | P18: =IF($D18=P$14,$F18,"") | Q18: =IF($D18=Q$14,$F18,"") | R18: =IF($D18=R$14,$F18,"") | S18: =IF($D18=S$14,$F18,"") | T18: =IF($D18=T$14,$F18,"") | U18: =SUM(G18:T18) -> 0 | V18: 0 | W18: =+U18-V18 -> 0
G19: =IF($D19=G$14,$F19,"") | H19: =IF($D19=H$14,$F19,"") | I19: =IF($D19=I$14,$F19,"") | J19: =IF($D19=J$14,$F19,"") | K19: =IF($D19=K$14,$F19,"") | M19: =IF($D19=M$14,$F19,"") | N19: =IF($D19=N$14,$F19,"") | O19: =IF($D19=O$14,$F19,"") | P19: =IF($D19=P$14,$F19,"") | Q19: =IF($D19=Q$14,$F19,"") | R19: =IF($D19=R$14,$F19,"") | S19: =IF($D19=S$14,$F19,"") | T19: =IF($D19=T$14,$F19,"") | U19: =SUM(G19:T19) -> 0 | V19: 0 | W19: =+U19-V19 -> 0
G20: =IF($D20=G$14,$F20,"") | H20: =IF($D20=H$14,$F20,"") | I20: =IF($D20=I$14,$F20,"") | J20: =IF($D20=J$14,$F20,"") | K20: =IF($D20=K$14,$F20,"") | M20: =IF($D20=M$14,$F20,"") | N20: =IF($D20=N$14,$F20,"") | O20: =IF($D20=O$14,$F20,"") | P20: =IF($D20=P$14,$F20,"") | Q20: =IF($D20=Q$14,$F20,"") | R20: =IF($D20=R$14,$F20,"") | S20: =IF($D20=S$14,$F20,"") | T20: =IF($D20=T$14,$F20,"") | U20: =SUM(G20:T20) -> 0 | V20: 0 | W20: =+U20-V20 -> 0
G21: =IF($D21=G$14,$F21,"") | H21: =IF($D21=H$14,$F21,"") | I21: =IF($D21=I$14,$F21,"") | J21: =IF($D21=J$14,$F21,"") | K21: =IF($D21=K$14,$F21,"") | M21: =IF($D21=M$14,$F21,"") | N21: =IF($D21=N$14,$F21,"") | O21: =IF($D21=O$14,$F21,"") | P21: =IF($D21=P$14,$F21,"") | Q21: =IF($D21=Q$14,$F21,"") | R21: =IF($D21=R$14,$F21,"") | S21: =IF($D21=S$14,$F21,"") | T21: =IF($D21=T$14,$F21,"") | U21: =SUM(G21:T21) -> 0 | V21: 0 | W21: =+U21-V21 -> 0
G22: =IF($D22=G$14,$F22,"") | H22: =IF($D22=H$14,$F22,"") | I22: =IF($D22=I$14,$F22,"") | J22: =IF($D22=J$14,$F22,"") | K22: =IF($D22=K$14,$F22,"") | L22: =IF(OR($D22='Expense Descriptions'!$A$2,$D22='Expense Descriptions'!$A$3),$F22,"") | M22: =IF($D22=M$14,$F22,"") | N22: =IF($D22=N$14,$F22,"") | O22: =IF($D22=O$14,$F22,"") | P22: =IF($D22=P$14,$F22,"") | Q22: =IF($D22=Q$14,$F22,"") | R22: =IF($D22=R$14,$F22,"") | S22: =IF($D22=S$14,$F22,"") | T22: =IF($D22=T$14,$F22,"") | U22: =SUM(G22:T22) -> 0 | V22: 0 | W22: =+U22-V22 -> 0
G23: =IF($D23=G$14,$F23,"") | H23: =IF($D23=H$14,$F23,"") | I23: =IF($D23=I$14,$F23,"") | J23: =IF($D23=J$14,$F23,"") | K23: =IF($D23=K$14,$F23,"") | L23: =IF(OR($D23='Expense Descriptions'!$A$2,$D23='Expense Descriptions'!$A$3),$F23,"") | M23: =IF($D23=M$14,$F23,"") | N23: =IF($D23=N$14,$F23,"") | O23: =IF($D23=O$14,$F23,"") | P23: =IF($D23=P$14,$F23,"") | Q23: =IF($D23=Q$14,$F23,"") | R23: =IF($D23=R$14,$F23,"") | S23: =IF($D23=S$14,$F23,"") | T23: =IF($D23=T$14,$F23,"") | U23: =SUM(G23:T23) -> 0 | V23: 0 | W23: =+U23-V23 -> 0
G24: =IF($D24=G$14,$F24,"") | H24: =IF($D24=H$14,$F24,"") | I24: =IF($D24=I$14,$F24,"") | J24: =IF($D24=J$14,$F24,"") | K24: =IF($D24=K$14,$F24,"") | L24: =IF(OR($D24='Expense Descriptions'!$A$2,$D24='Expense Descriptions'!$A$3),$F24,"") | M24: =IF($D24=M$14,$F24,"") | N24: =IF($D24=N$14,$F24,"") | O24: =IF($D24=O$14,$F24,"") | P24: =IF($D24=P$14,$F24,"") | Q24: =IF($D24=Q$14,$F24,"") | R24: =IF($D24=R$14,$F24,"") | S24: =IF($D24=S$14,$F24,"") | T24: =IF($D24=T$14,$F24,"") | U24: =SUM(G24:T24) -> 0 | V24: 0 | W24: =+U24-V24 -> 0
G25: =IF($D25=G$14,$F25,"") | H25: =IF($D25=H$14,$F25,"") | I25: =IF($D25=I$14,$F25,"") | J25: =IF($D25=J$14,$F25,"") | K25: =IF($D25=K$14,$F25,"") | L25: =IF(OR($D25='Expense Descriptions'!$A$2,$D25='Expense Descriptions'!$A$3),$F25,"") | M25: =IF($D25=M$14,$F25,"") | N25: =IF($D25=N$14,$F25,"") | O25: =IF($D25=O$14,$F25,"") | P25: =IF($D25=P$14,$F25,"") | Q25: =IF($D25=Q$14,$F25,"") | R25: =IF($D25=R$14,$F25,"") | S25: =IF($D25=S$14,$F25,"") | T25: =IF($D25=T$14,$F25,"") | U25: =SUM(G25:T25) -> 0 | V25: 0 | W25: =+U25-V25 -> 0
G26: =IF($D26=G$14,$F26,"") | H26: =IF($D26=H$14,$F26,"") | I26: =IF($D26=I$14,$F26,"") | J26: =IF($D26=J$14,$F26,"") | K26: =IF($D26=K$14,$F26,"") | L26: =IF(OR($D26='Expense Descriptions'!$A$2,$D26='Expense Descriptions'!$A$3),$F26,"") | M26: =IF($D26=M$14,$F26,"") | N26: =IF($D26=N$14,$F26,"") | O26: =IF($D26=O$14,$F26,"") | P26: =IF($D26=P$14,$F26,"") | Q26: =IF($D26=Q$14,$F26,"") | R26: =IF($D26=R$14,$F26,"") | S26: =IF($D26=S$14,$F26,"") | T26: =IF($D26=T$14,$F26,"") | U26: =SUM(G26:T26) -> 0 | V26: 0 | W26: =+U26-V26 -> 0
G27: =IF($D27=G$14,$F27,"") | H27: =IF($D27=H$14,$F27,"") | I27: =IF($D27=I$14,$F27,"") | J27: =IF($D27=J$14,$F27,"") | K27: =IF($D27=K$14,$F27,"") | L27: =IF(OR($D27='Expense Descriptions'!$A$2,$D27='Expense Descriptions'!$A$3),$F27,"") | M27: =IF($D27=M$14,$F27,"") | N27: =IF($D27=N$14,$F27,"") | O27: =IF($D27=O$14,$F27,"") | P27: =IF($D27=P$14,$F27,"") | Q27: =IF($D27=Q$14,$F27,"") | R27: =IF($D27=R$14,$F27,"") | S27: =IF($D27=S$14,$F27,"") | T27: =IF($D27=T$14,$F27,"") | U27: =SUM(G27:T27) -> 0 | V27: 0 | W27: =+U27-V27 -> 0
G28: =IF($D28=G$14,$F28,"") | H28: =IF($D28=H$14,$F28,"") | I28: =IF($D28=I$14,$F28,"") | J28: =IF($D28=J$14,$F28,"") | K28: =IF($D28=K$14,$F28,"") | L28: =IF(OR($D28='Expense Descriptions'!$A$2,$D28='Expense Descriptions'!$A$3),$F28,"") | M28: =IF($D28=M$14,$F28,"") | N28: =IF($D28=N$14,$F28,"") | O28: =IF($D28=O$14,$F28,"") | P28: =IF($D28=P$14,$F28,"") | Q28: =IF($D28=Q$14,$F28,"") | R28: =IF($D28=R$14,$F28,"") | S28: =IF($D28=S$14,$F28,"") | T28: =IF($D28=T$14,$F28,"") | U28: =SUM(G28:T28) -> 0 | V28: 0 | W28: =+U28-V28 -> 0
G29: =IF($D29=G$14,$F29,"") | H29: =IF($D29=H$14,$F29,"") | I29: =IF($D29=I$14,$F29,"") | J29: =IF($D29=J$14,$F29,"") | K29: =IF($D29=K$14,$F29,"") | L29: =IF(OR($D29='Expense Descriptions'!$A$2,$D29='Expense Descriptions'!$A$3),$F29,"") | M29: =IF($D29=M$14,$F29,"") | N29: =IF($D29=N$14,$F29,"") | O29: =IF($D29=O$14,$F29,"") | P29: =IF($D29=P$14,$F29,"") | Q29: =IF($D29=Q$14,$F29,"") | R29: =IF($D29=R$14,$F29,"") | S29: =IF($D29=S$14,$F29,"") | T29: =IF($D29=T$14,$F29,"") | U29: =SUM(G29:T29) -> 0 | V29: 0 | W29: =+U29-V29 -> 0
G30: =SUM(G15:G29) -> 0 | H30: =SUM(H15:H29) -> 0 | I30: =SUM(I15:I29) -> 0 | J30: =SUM(J15:J29) -> 0 | K30: =SUM(K15:K29) -> 0 | L30: =SUM(L15:L29) -> 0 | M30: =SUM(M15:M29) -> 0 | N30: =SUM(N15:N29) -> 0 | ... Q30: =SUM(Q15:Q29) -> 0 | S30: =SUM(S15:S29) -> 0 | T30: =SUM(T15:T29) -> 0
B31: Please indicate receipt number on actual receipt, for proper referencing, and list in chronological order. | S31: Subtotal | U31: =SUM(U15:U29) -> 0 | V31: =SUM(V15:V29) -> 0 | W31: =SUM(W15:W29) -> 0
S32: Advances
B33: *Please report one currency per report. | S33: Total | U33: =(U31-U32) -> 0
C35: Internal Use Only | M35: Per Diem Calculator (based on above noted Trip Destination)
B37: A/C | E37: Amount | H37: P.J. | O37: USD$ | P37: Local Currency | S37: Signature
B38: A/C | E38: Amount | M38: Per Diam - Full Day | O38: =IFERROR(VLOOKUP(N8,'Per Diem (USD$)'!B5:G11,6,FALSE),100) -> 100 | P38: =VLOOKUP(N8,'Per Diem (Mixed Currency)'!B5:H14,7,FALSE) -> 100
B39: A/C | E39: Amount | H39: Cheque # | M39: Per Diam - Partial Day | O39: =ROUND(O38*0.5,1) -> 50 | P39: =ROUND(P38*0.5,1) -> 50 | S39: Approved
B40: A/C | E40: Amount
B41: A/C | E41: Amount | H41: Date Paid | S41: Date

Sheet Per Diem (USD$)
B2: Per Diem Chart
D3: Lunch | E3: Dinner | F3: Snacks / Incidentals
B4: Destination | C4: Breakfast | G4: Total Meals & Incidentals ($USD) | J4: Exchange
B5: India | C5: 10 | D5: 15 | E5: 25 | F5: 5 | G5: =SUM(C5:F5) -> 55
C6: =+C8/$J$7 -> 15.384615 | D6: =+D8/$J$7 -> 19.230769 | E6: =+E8/$J$7 -> 38.461538 | F6: =+F8/$J$7 -> 3.8461538 | G6: =+G8/$J$7 -> 76.923077
B7: Canada | C7: 15 | D7: 19 | E7: 38 | F7: 4 | G7: =SUM(C7:F7) -> 76 | J7: 1.3
B8: United States | C8: 20 | D8: 25 | E8: 50 | F8: 5 | G8: =SUM(C8:F8) -> 100 | J8: 1
B9: Russia | C9: 20 | D9: 25 | E9: 50 | F9: 5 | G9: =SUM(C9:F9) -> 100
B10: United Kingdom | C10: 20 | D10: 25 | E10: 50 | F10: 5 | G10: =SUM(C10:F10) -> 100 | J10: 0.78
B11: European Union (outside of UK) | C11: 20 | D11: 25 | E11: 50 | F11: 5 | G11: =SUM(C11:F11) -> 100 | J11: 0.91
B13: *1st and last day of travel; 50% of per Diem amount will be paid

Sheet Per Diem (Mixed Currency)
B2: Per Diem Chart
E3: Lunch | F3: Dinner | G3: Snacks / Incidentals
B4: Destination | C4: Currency | D4: Breakfast | H4: Total Meals & Incidentals | K4: Exchange
B5: India | C5: INR | D5: ='Per Diem (USD$)'!C5*'Per Diem (Mixed Currency)'!$K5 -> 710 | E5: ='Per Diem (USD$)'!D5*'Per Diem (Mixed Currency)'!$K5 -> 1065 | F5: ='Per Diem (USD$)'!E5*'Per Diem (Mixed Currency)'!$K5 -> 1775 | G5: ='Per Diem (USD$)'!F5*'Per Diem (Mixed Currency)'!$K5 -> 355 | H5: =SUM(D5:G5) -> 3905 | K5: 71
D6: ='Per Diem (USD$)'!C7*'Per Diem (Mixed Currency)'!$K7 -> 19.5 | E6: ='Per Diem (USD$)'!D7*'Per Diem (Mixed Currency)'!$K7 -> 24.7 | F6: ='Per Diem (USD$)'!E7*'Per Diem (Mixed Currency)'!$K7 -> 49.4 | G6: ='Per Diem (USD$)'!F7*'Per Diem (Mixed Currency)'!$K7 -> 5.2
B7: Canada | C7: CDN$ | D7: 20 | E7: 25 | F7: 50 | G7: 5 | H7: =SUM(D7:G7) -> 100 | K7: 1.3
B8: United States | C8: USD$ | D8: 20 | E8: 25 | F8: 50 | G8: 5 | H8: =SUM(D8:G8) -> 100 | K8: 1
D9: ='Per Diem (USD$)'!C9*'Per Diem (Mixed Currency)'!$K10 -> 1270 | E9: ='Per Diem (USD$)'!D9*'Per Diem (Mixed Currency)'!$K10 -> 1587.5 | F9: ='Per Diem (USD$)'!E9*'Per Diem (Mixed Currency)'!$K10 -> 3175 | G9: ='Per Diem (USD$)'!F9*'Per Diem (Mixed Currency)'!$K10 -> 317.5
B10: Russia | C10: Rubles | D10: 950 | E10: 1250 | F10: 2550 | G10: 320 | H10: =SUM(D10:G10) -> 5070 | K10: 63.5
D11: ='Per Diem (USD$)'!C10*'Per Diem (Mixed Currency)'!$K12 -> 15.6 | E11: ='Per Diem (USD$)'!D10*'Per Diem (Mixed Currency)'!$K12 -> 19.5 | F11: ='Per Diem (USD$)'!E10*'Per Diem (Mixed Currency)'!$K12 -> 39 | G11: ='Per Diem (USD$)'!F10*'Per Diem (Mixed Currency)'!$K12 -> 3.9
B12: United Kingdom | C12: GBP | D12: 15 | E12: 20 | F12: 40 | G12: 4 | H12: =SUM(D12:G12) -> 79 | K12: 0.78
D13: ='Per Diem (USD$)'!C11*'Per Diem (Mixed Currency)'!$K14 -> 18.2 | E13: ='Per Diem (USD$)'!D11*'Per Diem (Mixed Currency)'!$K14 -> 22.75 | F13: ='Per Diem (USD$)'!E11*'Per Diem (Mixed Currency)'!$K14 -> 45.5 | G13: ='Per Diem (USD$)'!F11*'Per Diem (Mixed Currency)'!$K14 -> 4.55
B14: European Union (outside of UK) | C14: Euro | D14: 18 | E14: 23 | F14: 45 | G14: 4.5 | H14: =SUM(D14:G14) -> 90.5 | K14: 0.91
B16: *1st and last day of travel; 50% of per Diem amount will be paid

Sheet Expense Descriptions
A1: List of Drop Down Items - Expense Descriptions | H1: List of Drop Down Items - Currency | M1: Destinations
A2: Per Diam - Full Day | H2: CDN | M2: India
A3: Per Diam - Partial Day | H3: USD | M3: Canada
A4: Breakfast | H4: Euro | M4: United States
A5: Lunch | H5: GBP | M5: Russia
A6: Dinner | H6: YEN | M6: United Kingdom
A7: Late Meal / Overtime | H7: Rubles (₽) | M7: European Union (outside of UK)
A8: Hotel | H8: INR | M8: Other - indicate below
A9: Airfare / Train
A10: Auto Rental
A11: Fuel
A12: Mileage (@.55/M, .50/KM)
A13: Parking
A14: Snacks / Incidentals
A15: Taxi
A16: Other
